clusters	Iris-setosa	Iris-versicolor	Iris-virginica
0	0.0	48.45360824742268	51.546391752577314
1	94.33962264150944	5.660377358490567	0.0
