clusters	Iris-setosa	Iris-versicolor	Iris-virginica
0	100.0	0.0	0.0
1	0.0	77.41935483870968	22.58064516129032
2	0.0	5.263157894736842	94.73684210526315
