clusters	Iris-setosa	Iris-versicolor	Iris-virginica
0	0.0	57.49999999999999	42.5
1	0.0	96.42857142857143	3.571428571428571
2	0.0	0.0	100.0
3	100.0	0.0	0.0
