clusters	Iris-setosa	Iris-versicolor	Iris-virginica
0	0.0	0.0	100.0
1	100.0	0.0	0.0
2	0.0	0.0	100.0
3	0.0	66.66666666666666	33.33333333333333
4	0.0	96.0	4.0
